{
    "x": [1.0, 1.2421052631578948, 1.4842105263157894, 1.7263157894736842, 1.9684210526315788, 2.2105263157894735, 2.4526315789473685, 2.694736842105263, 2.9368421052631577, 3.1789473684210527, 3.4210526315789473, 3.663157894736842, 3.905263157894737, 4.147368421052631, 4.389473684210526, 4.631578947368421, 4.873684210526315, 5.11578947368421, 5.3578947368421055, 5.6, 5.842105263157895, 6.08421052631579, 6.326315789473684, 6.568421052631579, 6.810526315789474, 7.052631578947368, 7.294736842105263, 7.536842105263158, 7.778947368421052, 8.021052631578947, 8.263157894736842, 8.505263157894737, 8.74736842105263, 8.989473684210527, 9.23157894736842, 9.473684210526315, 9.715789473684211, 9.957894736842105, 10.2, 10.442105263157895, 10.68421052631579, 10.926315789473684, 11.16842105263158, 11.410526315789474, 11.652631578947368, 11.894736842105264, 12.136842105263158, 12.378947368421052, 12.621052631578948, 12.863157894736842, 13.105263157894736, 13.347368421052632, 13.589473684210526, 13.83157894736842, 14.073684210526316, 14.31578947368421, 14.557894736842105, 14.8, 15.042105263157895, 15.284210526315789, 15.526315789473685, 15.76842105263158, 16.010526315789473, 16.25263157894737, 16.49473684210526, 16.736842105263158, 16.978947368421053, 17.221052631578946, 17.46315789473684, 17.705263157894738, 17.94736842105263, 18.189473684210526, 18.431578947368422, 18.673684210526314, 18.91578947368421, 19.157894736842106, 19.4, 19.642105263157895, 19.88421052631579, 20.126315789473683, 20.36842105263158, 20.610526315789475, 20.852631578947367, 21.094736842105263, 21.33684210526316, 21.57894736842105, 21.821052631578947, 22.063157894736843, 22.305263157894736, 22.54736842105263, 22.789473684210527, 23.03157894736842, 23.273684210526316, 23.51578947368421, 23.757894736842104, 24.0],
    "W": [0.022421471066137136, 0.019032970704952298, 0.02209456178034082, 0.018348107105520855, 0.02320268612803659, 0.02470044358736438, 0.019217705532427555, 0.01892632178933404, 0.021189400730565446, 0.0210850639001841, 0.021130097947271033, 0.024227539661393353, 0.021805002973120668, 0.01965888007156493, 0.025831941707540385, 0.02223752096590527, 0.0210205741470566, 0.022576191419330715, 0.016055653414399535, 0.02017836821790714, 0.019159677263257166, 0.020401165626313538, 0.02017860268126812, 0.01994480977014512, 0.022061167807107984, 0.01716551595895279, 0.025451597962922783, 0.021927868484621867, 0.02042675044564993, 0.021946352730523103, 0.02727116810757224, 0.02398364690382944, 0.03453855158270638, 0.036055904518818085, 0.026678541183718187, 0.02749176884890632, 0.026381646416163362, 0.1528694117844188, 0.11207188274813007, 0.09804276401891285, 0.10415476325983912, 0.08784730269163124, 0.0786448718793738, 0.08446941981191082, 0.08044050095195963, 0.07444869390438709, 0.08729860403100864, 0.05789114729810684, 0.0735346000495387, 0.0876809252914937, 0.10387863989026863, 0.12176934624876613, 0.08192290465969733, 0.11919289768849484, 0.11359464437773074, 0.11680766664145201, 0.10637421306295504, 0.08362482394103658, 0.08462401123131881, 0.10018825511920029, 0.1003652286373562, 0.10937440590702581, 0.10846659110369626, 0.10669794594515411, 0.14499432884410793, 0.14533101132961854, 0.14223852221465627, 0.11574289596154476, 0.10274562635587862, 0.10820295646299097, 0.09442648056763475, 0.08938281519980874, 0.09959873154513364, 0.09264677227710445, 0.10150347100986855, 0.09495750676842035, 0.08826646990062786, 0.08688654872396794, 0.08279904294590817, 0.0522678434552076, 0.019878336448006642, 0.022422200026560014, 0.019899518693051926, 0.020562937443131996, 0.023163442548232303, 0.02100284563049163, 0.01937587899881428, 0.022816034251289724, 0.023512828748504713, 0.02007783000878245, 0.019483477607680304, 0.01974210327446983, 0.0172916624464445, 0.021728567431386382, 0.02147350796497748, 0.021570023420444413],
    "Wh": [0.016321753332136382, 0.01290745097697055, 0.015458644262402335, 0.012265941981691954, 0.023810561366121315, 0.02041361309482332, 0.012697582088734418, 0.012816517961338338, 0.014476657061544112, 0.014549543540070745, 0.015661473741852484, 0.01897730509231923, 0.014407946734536067, 0.016036610985699605, 0.019545063929235943, 0.016308656484847223, 0.015555823619927927, 0.013863063499758037, 0.010362679524143438, 0.018322357110281812, 0.015204642327837832, 0.014453887037455008, 0.014483681821632871, 0.01413408814591342, 0.014360034861513426, 0.01157027096633824, 0.021213404584283835, 0.015455135121212516, 0.013852866784397812, 0.014877204106349894, 0.020405904538691264, 0.014612027876072109, 0.0318720847666321, 0.02544155733523814, 0.018415752703976326, 0.023379786514692028, 0.020952919481797404, 0.1530946297638771, 0.11115520330805619, 0.09621962513279408, 0.10314920579394131, 0.08688109513299751, 0.07604048196426146, 0.07935771896729223, 0.07855564023853596, 0.07565171291083374, 0.08579346207384256, 0.059626606887723685, 0.06799122515012453, 0.08354982123230342, 0.10120365445825888, 0.11774877901639556, 0.07964861449557605, 0.12285758592441628, 0.11633065366638355, 0.11217208858564799, 0.10237505462214945, 0.07879974237449078, 0.08028422693272275, 0.09979910897060296, 0.09905629052716229, 0.10817093774210097, 0.10241358240591648, 0.10140401751337279, 0.13801023388820927, 0.14216345477369088, 0.14210021478138993, 0.11493626430896269, 0.10226867537694367, 0.10213887239907331, 0.09303536252697438, 0.08962497890045738, 0.09956842270467026, 0.09334053674548405, 0.09963503660792063, 0.09234951201186677, 0.08740730966374813, 0.08400868861895237, 0.08605664345265202, 0.052884597258196296, 0.013987849788074469, 0.015602620587979536, 0.013237308423261304, 0.014056595514352373, 0.015977442553015503, 0.015347422307027726, 0.012245846711309094, 0.01643446881894556, 0.016216018053017617, 0.013815627851778471, 0.012813935572554369, 0.013358093519714793, 0.011142890283762058, 0.016847108598020608, 0.014836302121252271, 0.014682302753363921],
    "kWh": [0.08579697093559394, 0.08841312943338532, 0.08686034858791486, 0.09638158449096915, 0.1013411599520342, 0.1008892273274784, 0.08947890615296687, 0.08747349717006234, 0.08722379445187581, 0.08785666910443003, 0.0957812083241969, 0.09551909403210371, 0.09746730407024363, 0.094885460093901, 0.08457698965771758, 0.08580909075408077, 0.08439047943815688, 0.09299496431489741, 0.09046959345528013, 0.09256138371759579, 0.08709118974576448, 0.08226680201281057, 0.08140901357380768, 0.08314468028197469, 0.09184389189454964, 0.08852075933449109, 0.0945762676240573, 0.08537288017481347, 0.08089421793676535, 0.08205046006939438, 0.08440250405048991, 0.09424600261056179, 0.0994861343829894, 0.10029014114740935, 0.09668981956152504, 0.08899034506653805, 0.09156228029620689, 0.17100135272398778, 0.14371385754508512, 0.13063014030619693, 0.1323751274516431, 0.12325842082554542, 0.10223152268287324, 0.10310943705852986, 0.0923737158514864, 0.08671324599841951, 0.09886412953306416, 0.08248422744532369, 0.08432781529191147, 0.09275678470195713, 0.10302928066150578, 0.12167903235262569, 0.09190775657019655, 0.12416818357140352, 0.1207679288027019, 0.11083159386918923, 0.10747862592974608, 0.08972209370713087, 0.0896791880048231, 0.09622282593025644, 0.10394648611631298, 0.12433149882763869, 0.1111419663088747, 0.10797973679436933, 0.13701823879766645, 0.13543814207177185, 0.13582608247388114, 0.13229346070109174, 0.11517874803187743, 0.11933207355090587, 0.11826679552260878, 0.10932277927710315, 0.11543475969634981, 0.11355960277833997, 0.11885204589113875, 0.11382014602442575, 0.10920531962206413, 0.11171649514506153, 0.11533385611489198, 0.093833760719815, 0.0958524070671502, 0.08613582562259771, 0.08817827999628322, 0.08888290523321256, 0.08636979306944333, 0.09372005350529822, 0.10334265302266278, 0.09731957617030353, 0.08722013765368537, 0.08843315268099017, 0.08829216565908377, 0.08874499032908562, 0.09035437722276875, 0.10231430371797876, 0.0952022564974068, 0.08696643793187277],