{"x": [1.0, 1.2421052631578948, 1.4842105263157894, 1.7263157894736842, 1.9684210526315788, 2.2105263157894735, 2.4526315789473685, 2.694736842105263, 2.9368421052631577, 3.1789473684210527, 3.4210526315789473, 3.663157894736842, 3.905263157894737, 4.147368421052631, 4.389473684210526, 4.631578947368421, 4.873684210526315, 5.11578947368421, 5.3578947368421055, 5.6, 5.842105263157895, 6.08421052631579, 6.326315789473684, 6.568421052631579, 6.810526315789474, 7.052631578947368, 7.294736842105263, 7.536842105263158, 7.778947368421052, 8.021052631578947, 8.263157894736842, 8.505263157894737, 8.74736842105263, 8.989473684210527, 9.23157894736842, 9.473684210526315, 9.715789473684211, 9.957894736842105, 10.2, 10.442105263157895, 10.68421052631579, 10.926315789473684, 11.16842105263158, 11.410526315789474, 11.652631578947368, 11.894736842105264, 12.136842105263158, 12.378947368421052, 12.621052631578948, 12.863157894736842, 13.105263157894736, 13.347368421052632, 13.589473684210526, 13.83157894736842, 14.073684210526316, 14.31578947368421, 14.557894736842105, 14.8, 15.042105263157895, 15.284210526315789, 15.526315789473685, 15.76842105263158, 16.010526315789473, 16.25263157894737, 16.49473684210526, 16.736842105263158, 16.978947368421053, 17.221052631578946, 17.46315789473684, 17.705263157894738, 17.94736842105263, 18.189473684210526, 18.431578947368422, 18.673684210526314, 18.91578947368421, 19.157894736842106, 19.4, 19.642105263157895, 19.88421052631579, 20.126315789473683, 20.36842105263158, 20.610526315789475, 20.852631578947367, 21.094736842105263, 21.33684210526316, 21.57894736842105, 21.821052631578947, 22.063157894736843, 22.305263157894736, 22.54736842105263, 22.789473684210527, 23.03157894736842, 23.273684210526316, 23.51578947368421, 23.757894736842104, 24.0], "W": [5.225113601086459, 9.946684545795422, 5.643124112015282, 7.572584915171931, 5.507897632405593, 6.0500207970116, 5.4613901887508245, 8.9327859277814, 6.928041493947258, 5.688838689554954, 3.730560914990198, 2.6941359456130365, 3.767286924568375, 3.484485251807781, 4.037244409384773, 4.483442884670776, 2.621242618935018, 7.462249328880496, 2.9174328594992294, 4.7169076829430105, 9.410258302345314, 7.670062172772477, 10.067460397378381, 6.3886489347774305, 10.849601687798767, 4.717423684849252, 14.383905948421988, 4.828461939398913, 9.30541521928182, 6.240741190883356, 3.468446084907038, 7.580302390272451, 3.2719762084786588, 4.494100133665913, 4.2296745647658405, 2.53908774094271, 3.265707001465082, 1.3261321789724092, 1.3018521243686896, 1.2871883529116463, 1.2257408105276277, 1.3157132211340905, 1.3091663807545166, 1.2377435685699, 1.2195016524081346, 1.1106676696147104, 1.1762853037826881, 1.0494386361163865, 1.2532221210304277, 1.2221176073325242, 1.1998305753758263, 1.2189178466554254, 1.0843128467210863, 1.176040101421281, 1.2362530129825822, 1.2133414299771934, 1.2247970921604105, 1.2592503468872749, 1.1871582132107334, 1.127581611594656, 1.144048862403856, 1.1062592558357671, 1.2239275199774282, 1.2308688765148903, 1.1937002498248794, 1.140260377021142, 1.1546763953643753, 1.0776141913868755, 1.1211913017857453, 1.2320649219210174, 1.231632884460218, 1.1805145744500478, 1.1510890810303374, 1.1549722715014594, 1.2520864141482486, 1.2373429451695577, 1.2882534953195663, 1.2400483131598634, 1.0849110124534977, 1.0100475780654274, 10.034168414861536, 5.28640713454082, 9.169638351430711, 4.141909190915062, 4.8218602601585925, 10.098085621596118, 4.752049426788818, 8.050188943883985, 4.800554242269436, 8.126246277075266, 7.31634336334706, 8.051500965078283, 13.702112500906354, 6.9189856558875675, 4.413290947158674, 7.761037220019043], "Wh": [1.7562112428145915, 2.5873779243233503, 1.921321013291944, 4.198809857662421, 4.619718108660648, 5.091170772371342, 1.5783752863461646, 2.3338838364647434, 2.3064284105175816, 1.8911140607055632, 2.0961304913628407, 1.9069509906428765, 3.0133158899078762, 2.135502394618521, 1.839830868857107, 1.734354126739712, 1.0038744060706255, 4.760339691380489, 1.4553820571487384, 3.754895817178253, 4.430089768396358, 2.311760657486784, 2.60361469937254, 2.111101359349684, 6.361320072217633, 2.1238225695035164, 12.478140671043834, 2.2954397141274563, 2.5883734879636036, 2.273909517056883, 1.9462511650438437, 4.907086195744676, 2.9237709200685917, 3.8510556033662344, 3.1772119812572357, 1.5895496830120046, 1.7613071644191842, 1.2846242823864338, 1.2718077614810892, 1.2964901781275524, 1.2649059871367971, 1.2807041271653192, 1.2047470980486854, 1.1545100652735156, 1.150461394515586, 1.1177266917114341, 1.0779382889603262, 0.9630378451903054, 1.1897033894406133, 1.1412082251747817, 1.1278484832893432, 1.1948926387497132, 1.0705285525505912, 1.0912956981749566, 1.1364621875572138, 1.1525580910308888, 1.168849924779523, 1.1607951038008566, 1.1105583807342125, 1.1151434692935367, 1.0542610413610498, 1.0330237253030499, 1.1629383092922816, 1.1447455853379362, 1.1735958151619441, 1.1418054426786641, 1.1432000511473994, 1.0202115851302431, 1.057503594042355, 1.1742951706278866, 1.1282410431648753, 1.0801540654656736, 1.1574859443659478, 1.101485661313689, 1.1500769231755217, 1.1353058924049289, 1.1485852502976024, 1.1468165161826336, 1.0950013355671622, 0.9846774507499112, 5.555248539066745, 1.8676763611863654, 2.9864228578591643, 1.491587310899416, 1.8916855249674982, 5.154684630722406, 3.0809395349102524, 5.34398874811497, 2.022200766657605, 2.6492306294850505, 1.896271877088627, 2.4895309657022233, 4.020640379032894, 4.526748532544018, 2.466368320494329, 2.4123949989791242], "kWh": [4.776681053401331, 10.27173080604853, 5.5684189310475825, 11.574212018471382, 8.159247975958815, 9.480506449138758, 6.611071564796867, 9.04419306404519, 6.943693282166334, 5.888490474529968, 4.765033059325234, 3.522601302278683, 6.327123751106742, 5.9173719716839255, 3.353896304930842, 4.016149377447142, 2.1588434135816628, 7.653494550014484, 3.8339997957444787, 6.837220207093736, 10.072585812974252, 5.591742161049778, 7.056524762188421, 5.030531450005488, 10.943575442777833, 5.063590360905608, 18.4229989124137, 4.396009035574871, 6.428622478102698, 4.662977274007911, 2.8663795743123046, 8.191882817133314, 3.234160602881124, 3.9534718773175532, 5.134606205892473, 2.8937240339591876, 3.7153386241243394, 1.4198598898574581, 1.4508317066462522, 1.4507461151768077, 1.2957651008939652, 1.4049977401816887, 1.306612090546151, 1.1057523987418987, 1.1339932408511915, 1.0159644489724722, 1.0210639940347535, 1.0134467763156907, 1.067123077294233, 1.04255802597451, 1.0490550396582898, 1.1493314300671138, 0.9574215945730324, 1.060929508127494, 1.1208934543395013, 1.0307462308704989, 1.089796291826851, 1.024159836552846, 0.9951784006229528, 0.9636842182596271, 1.0253056661422304, 1.0517123721334174, 1.0363931555168486, 1.0163020419515758, 1.0448738467132366, 0.9949790522808317, 1.0510531752484027, 1.0858865126355886, 1.0388956606496138, 1.08914178828503, 1.176556396780869, 1.073822873622499, 1.0001713703385025, 1.0266069888831217, 1.1463121464746238, 1.118838489282006, 1.1419385394323547, 1.1731898329473878, 1.0647766322640795, 0.9199175446939891, 13.726800710850279, 5.000291526683857, 9.577568896606028, 4.616755409610296, 4.667688990752494, 12.702271059857324, 7.601729430664891, 10.732582760017142, 4.850876797875833, 8.666196978237112, 7.946153557379096, 8.677763484458152, 16.805496957687858, 9.789810559074127, 5.698178297134864, 7.614254760705284],